<?xml version='1.0' encoding='UTF-8'?>
<metadata>
  <idinfo>
    <citation>
      <citeinfo>
        <origin>Sharon L. Qi</origin>
        <pubdate>20240730</pubdate>
        <title>Saline Lake Ecosystems IWAA Lakes</title>
        <geoform>vector digital data</geoform>
        <pubinfo>
          <pubplace>ScienceBase</pubplace>
          <publish>U.S. Geological Survey</publish>
        </pubinfo>
        <onlink>https://doi.org/10.5066/P13QP2TK</onlink>
        <lworkcit>
          <citeinfo>
            <origin>Rebecca J. Frus</origin>
            <origin>Cameron L. Aldridge</origin>
            <origin>Michael L. Casazza</origin>
            <origin>Collin A. Eagles-Smith</origin>
            <origin>Garth Herring</origin>
            <origin>Scott A. Hynek</origin>
            <origin>Daniel K. Jones</origin>
            <origin>Susan K Kemp</origin>
            <origin>Thomas M. Marston</origin>
            <origin>Christopher M. Morris</origin>
            <origin>Ramon C. Naranjo</origin>
            <origin>Cee S. Nell</origin>
            <origin>David R. O'Leary</origin>
            <origin>Cory T. Overton</origin>
            <origin>Bryce A. Pulver</origin>
            <origin>Brian E. Reichert</origin>
            <origin>Christine A. Rumsey</origin>
            <origin>Rudy Schuster</origin>
            <origin>Cassandra D. Smith</origin>
            <pubdate>2023</pubdate>
            <title>Integrated science strategy for assessing and monitoring water availability and migratory birds for terminal lakes across the Great Basin, United States</title>
            <geoform>publication</geoform>
            <pubinfo>
              <pubplace>Online</pubplace>
              <publish>US Geological Survey</publish>
            </pubinfo>
            <onlink>https://doi.org/10.3133/cir1516</onlink>
          </citeinfo>
        </lworkcit>
      </citeinfo>
    </citation>
    <descript>
      <abstract>The 2022 Department of the Interior, Environment, and Related Agencies Appropriations Bill - the appropriations bill that funds the USGS - established a regional Integrated Water Availability Assessment study program in the Great Basin of the American West. Twenty saline lakes across California, Nevada, Oregon, and Utah were identified by USGS partners as priority ecosystems. They include: California: Eagle Lake, Honey Lake, Mono Lake, Owens Lake; Utah: The Great Salt Lake and Sevier Lake; Nevada: Carson Lake, Carson Sink, Franklin Lake, Pyramid Lake, Ruby Lake, Walker Lake, Winnemucca Lake; Oregon: Lake Abert, Harney Lake, Malheur Lake, Silver Lake, Summer Lake, the Warner Lakes; California/Oregon: Goose Lake</abstract>
      <purpose>Delineation of the twenty saline lakes across California, Nevada, Oregon, and Utah identified by USGS partners as priority ecosystems.</purpose>
    </descript>
    <timeperd>
      <timeinfo>
        <sngdate>
          <caldate>20220705</caldate>
        </sngdate>
      </timeinfo>
      <current>observed</current>
    </timeperd>
    <status>
      <progress>Complete</progress>
      <update>None planned</update>
    </status>
    <spdom>
      <descgeog>Western United States</descgeog>
      <bounding>
        <westbc>-120.8496</westbc>
        <eastbc>-111.9122</eastbc>
        <northbc>43.3811</northbc>
        <southbc>36.3682</southbc>
      </bounding>
    </spdom>
    <keywords>
      <theme>
        <themekt>ISO 19115 Topic Category</themekt>
        <themekey>biota</themekey>
        <themekey>environment</themekey>
        <themekey>inlandWaters</themekey>
      </theme>
      <theme>
        <themekt>USGS Thesaurus</themekt>
        <themekey>shrubland ecosystems</themekey>
        <themekey>desert ecosystems</themekey>
        <themekey>surface water (non-marine)</themekey>
        <themekey>aquatic ecosystems</themekey>
        <themekey>geospatial datasets</themekey>
      </theme>
      <theme>
        <themekt>USGS Metadata Identifier</themekt>
        <themekey>USGS:667f1a25d34e2cb7853eaf4f</themekey>
      </theme>
      <place>
        <placekt>Common geographic areas</placekt>
        <placekey>Oregon</placekey>
        <placekey>California</placekey>
        <placekey>Nevada</placekey>
        <placekey>Utah</placekey>
      </place>
    </keywords>
    <accconst>No access constraints. Please see 'Distribution Info' for details.</accconst>
    <useconst>No use constraints. Public domain data from the U.S. Government are freely redistributable with proper metadata and source attribution. The U.S. Geological Survey requests to be acknowledged as originator of these data in future products or derivative research. Users are advised to read the dataset's metadata thoroughly to understand appropriate use and data limitations.</useconst>
    <ptcontac>
      <cntinfo>
        <cntorgp>
          <cntorg>Forest and Rangeland Ecosystem Science Center</cntorg>
        </cntorgp>
        <cntpos>Data Manager</cntpos>
        <cntaddr>
          <addrtype>mailing and physical</addrtype>
          <address>777 NW 9th Street, Suite 400</address>
          <city>Corvallis</city>
          <state>OR</state>
          <postal>97330</postal>
          <country>USA</country>
        </cntaddr>
        <cntvoice>541-750-1030</cntvoice>
        <cntemail>fresc_outreach@usgs.gov</cntemail>
      </cntinfo>
    </ptcontac>
  </idinfo>
  <dataqual>
    <attracc>
      <attraccr>Each of the 20 polygons were selected individually and attributed with the name of the lake and the state in which it resides. Lakes were labeled on screen with the lake names and visually inspected for accuracy.</attraccr>
    </attracc>
    <logic>Lake boundaries were digitized on screen and are topologically correct polygons. Boundaries were digitized using ArcGIS Pro World Imagery as of July, 2022.</logic>
    <complete>The dataset only represents selected saline lakes within the study area that were targeted for study by the project. Not all saline lakes were digitized.</complete>
    <lineage>
      <srcinfo>
        <srccite>
          <citeinfo>
            <origin>U.S. Geological Survey</origin>
            <pubdate>20240401</pubdate>
            <title>USGS TNM Topo Base Map</title>
            <geoform>vector digital data</geoform>
            <othercit>USGS The National Map: National Boundaries Dataset, 3DEP Elevation Program, Geographic Names Information System, National Hydrography Dataset, National Land Cover Database, National Structures Dataset, and National Transportation Dataset; USGS Global Ecosystems; U.S. Census Bureau TIGER/Line data; USFS Road data; Natural Earth Data; U.S. Department of State HIU; NOAA National Centers for Environmental Information</othercit>
            <onlink>https://basemap.nationalmap.gov/arcgis/rest/services/USGSTopo/MapServer</onlink>
          </citeinfo>
        </srccite>
        <typesrc>Digital and/or Hardcopy</typesrc>
        <srctime>
          <timeinfo>
            <sngdate>
              <caldate>20240401</caldate>
            </sngdate>
          </timeinfo>
          <srccurr>publication date</srccurr>
        </srctime>
        <srccitea>USGS TNM Topo Base Map</srccitea>
        <srccontr>Used to trace Saline Lakes.</srccontr>
      </srcinfo>
      <srcinfo>
        <srccite>
          <citeinfo>
            <origin>Esri</origin>
            <pubdate>20240607</pubdate>
            <title>World Imagery</title>
            <geoform>raster digital data</geoform>
            <othercit>Source: Esri, Maxar, Earthstar Geographics, and the GIS User Community</othercit>
            <onlink>https://services.arcgisonline.com/ArcGIS/rest/services/World_Imagery/MapServer</onlink>
          </citeinfo>
        </srccite>
        <typesrc>Digital and/or Hardcopy</typesrc>
        <srctime>
          <timeinfo>
            <sngdate>
              <caldate>20240607</caldate>
            </sngdate>
          </timeinfo>
          <srccurr>publication date</srccurr>
        </srctime>
        <srccitea>World Imagery</srccitea>
        <srccontr>Used to trace Carson Sink, since that does not show up on USGS TNM Topo Base Map.</srccontr>
      </srcinfo>
      <procstep>
        <procdesc>Created a blank polygon layer and added two fields called 'Name' and 'State'.</procdesc>
        <procdate>20220705</procdate>
      </procstep>
      <procstep>
        <procdesc>Used USGS National Map basemap as a guide for the boundaries of the Saline Lakes.</procdesc>
        <srcused>USGS TNM Topo Base Map</srcused>
        <procdate>20220705</procdate>
      </procstep>
      <procstep>
        <procdesc>Manually digitized the boundaries of 20 Saline Lakes using the Create Features function in ArcGIS Pro. Traced the outlines of the lake from the USGS National Map basemap.</procdesc>
        <srcused>USGS TNM Topo Base Map</srcused>
        <procdate>20220705</procdate>
      </procstep>
      <procstep>
        <procdesc>After each lake was digitized, added in the name of the lake and the state or states that it occupies.</procdesc>
        <procdate>20220705</procdate>
      </procstep>
      <procstep>
        <procdesc>Specifically for Carson Sink, used both the USGS National Map basemap and the World Imagery basemap to trace its outline.</procdesc>
        <srcused>World Imagery</srcused>
        <procdate>20220705</procdate>
      </procstep>
    </lineage>
  </dataqual>
  <spdoinfo>
    <direct>Vector</direct>
    <ptvctinf>
      <sdtsterm>
        <sdtstype>G-polygon</sdtstype>
        <ptvctcnt>20</ptvctcnt>
      </sdtsterm>
    </ptvctinf>
  </spdoinfo>
  <spref>
    <horizsys>
      <planar>
        <mapproj>
          <mapprojn>Albers Conical Equal Area</mapprojn>
          <albers>
            <stdparll>29.5</stdparll>
            <stdparll>45.5</stdparll>
            <longcm>-96.0</longcm>
            <latprjo>23.0</latprjo>
            <feast>0.0</feast>
            <fnorth>0.0</fnorth>
          </albers>
        </mapproj>
        <planci>
          <plance>coordinate pair</plance>
          <coordrep>
            <absres>0.6096</absres>
            <ordres>0.6096</ordres>
          </coordrep>
          <plandu>meters</plandu>
        </planci>
      </planar>
      <geodetic>
        <horizdn>North_American_Datum_1983</horizdn>
        <ellips>GRS 1980</ellips>
        <semiaxis>6378137.0</semiaxis>
        <denflat>298.257222101</denflat>
      </geodetic>
    </horizsys>
  </spref>
  <eainfo>
    <detailed>
      <enttyp>
        <enttypl>SalineLakesBnd.shp Attribute Table</enttypl>
        <enttypd>Table containing attribute information associated with the data set.</enttypd>
        <enttypds>Producer Defined</enttypds>
      </enttyp>
      <attr>
        <attrlabl>FID</attrlabl>
        <attrdef>Internal feature number.</attrdef>
        <attrdefs>ESRI</attrdefs>
        <attrdomv>
          <udom>Sequential unique whole numbers that are automatically generated.</udom>
        </attrdomv>
      </attr>
      <attr>
        <attrlabl>Shape</attrlabl>
        <attrdef>Feature geometry.</attrdef>
        <attrdefs>ESRI</attrdefs>
        <attrdomv>
          <udom>Shape type.</udom>
        </attrdomv>
      </attr>
      <attr>
        <attrlabl>Shape_Leng</attrlabl>
        <attrdef>Length of the polygon.</attrdef>
        <attrdefs>Producer Defined</attrdefs>
        <attrdomv>
          <rdom>
            <rdommin>16328.5881403</rdommin>
            <rdommax>511929.982596</rdommax>
            <attrunit>Meters</attrunit>
          </rdom>
        </attrdomv>
      </attr>
      <attr>
        <attrlabl>Shape_Area</attrlabl>
        <attrdef>Area of the polygon.</attrdef>
        <attrdefs>Producer Defined</attrdefs>
        <attrdomv>
          <rdom>
            <rdommin>6889624.01457</rdommin>
            <rdommax>5186737064.27</rdommax>
            <attrunit>Square Meters</attrunit>
          </rdom>
        </attrdomv>
      </attr>
      <attr>
        <attrlabl>Name</attrlabl>
        <attrdef>The name of the lake.</attrdef>
        <attrdefs>Producer Defined</attrdefs>
        <attrdomv>
          <udom>List of text describing lake names.</udom>
        </attrdomv>
      </attr>
      <attr>
        <attrlabl>State</attrlabl>
        <attrdef>Two-letter abbreviation of the state or states in which the lake is located.</attrdef>
        <attrdefs>Producer Defined</attrdefs>
        <attrdomv>
          <udom>List of textual abbreviations identifying individual states.</udom>
        </attrdomv>
      </attr>
    </detailed>
  </eainfo>
  <distinfo>
    <distrib>
      <cntinfo>
        <cntperp>
          <cntper>GS ScienceBase</cntper>
          <cntorg>U.S. Geological Survey</cntorg>
        </cntperp>
        <cntaddr>
          <addrtype>mailing address</addrtype>
          <address>Denver Federal Center, Building 810, Mail Stop 302</address>
          <city>Denver</city>
          <state>CO</state>
          <postal>80225</postal>
          <country>United States</country>
        </cntaddr>
        <cntvoice>1-888-275-8747</cntvoice>
        <cntemail>sciencebase@usgs.gov</cntemail>
      </cntinfo>
    </distrib>
    <distliab>Unless otherwise stated, all data, metadata and related materials are considered to satisfy the quality standards relative to the purpose for which the data were collected. Although these data and associated metadata have been reviewed for accuracy and completeness and approved for release by the U.S. Geological Survey (USGS), no warranty expressed or implied is made regarding the display or utility of the data for other purposes, nor on all computer systems, nor shall the act of distribution constitute any such warranty. Any use of trade, product, or firm names is for descriptive purposes only and does not imply endorsement by the U.S. Government.</distliab>
    <stdorder>
      <digform>
        <digtinfo>
          <formname>SHP</formname>
        </digtinfo>
        <digtopt>
          <onlinopt>
            <computer>
              <networka>
                <networkr>https://doi.org/10.5066/P13QP2TK</networkr>
              </networka>
            </computer>
          </onlinopt>
        </digtopt>
      </digform>
      <fees>None</fees>
    </stdorder>
  </distinfo>
  <metainfo>
    <metd>20240730</metd>
    <metc>
      <cntinfo>
        <cntorgp>
          <cntorg>Forest and Rangeland Ecosystem Science Center</cntorg>
        </cntorgp>
        <cntpos>Data Manager</cntpos>
        <cntaddr>
          <addrtype>mailing and physical</addrtype>
          <address>777 NW 9th Street</address>
          <address>Suite 400</address>
          <city>Corvallis</city>
          <state>Oregon</state>
          <postal>97330</postal>
          <country>USA</country>
        </cntaddr>
        <cntvoice>5417501030</cntvoice>
        <cntemail>Fresc_outreach@usgs.gov</cntemail>
      </cntinfo>
    </metc>
    <metstdn>FGDC Biological Data Profile of the Content Standard for Digital Geospatial Metadata</metstdn>
    <metstdv>FGDC-STD-001.1-1999</metstdv>
  </metainfo>
</metadata>
